Player,Team,Batting Innings,Runs,Bowling Innings,Wickets
V Kohli,Royal Challengers Bangalore,169.0,5429.0,26.0,4.0
SK Raina,Chennai Super Kings,160.0,4566.0,59.0,24.0
MS Dhoni,Chennai Super Kings,143.0,3903.0,0.0,0.0
AB de Villiers,Royal Challengers Bangalore,116.0,3744.0,0.0,0.0
RG Sharma,Mumbai Indians,138.0,3744.0,8.0,1.0
DA Warner,Sunrisers Hyderabad,71.0,3306.0,0.0,0.0
CH Gayle,Royal Challengers Bangalore,84.0,3163.0,24.0,13.0
G Gambhir,Kolkata Knight Riders,107.0,3035.0,0.0,0.0
AM Rahane,Rajasthan Royals,93.0,2840.0,0.0,0.0
KA Pollard,Mumbai Indians,132.0,2774.0,81.0,56.0
S Dhawan,Sunrisers Hyderabad,85.0,2550.0,0.0,0.0
SE Marsh,Kings XI Punjab,69.0,2477.0,0.0,0.0
RV Uthappa,Kolkata Knight Riders,84.0,2474.0,0.0,0.0
AT Rayudu,Mumbai Indians,105.0,2416.0,0.0,0.0
SR Watson,Rajasthan Royals,76.0,2372.0,70.0,61.0
SR Tendulkar,Mumbai Indians,78.0,2334.0,4.0,0.0
V Sehwag,Delhi Capitals,79.0,2174.0,15.0,6.0
YK Pathan,Kolkata Knight Riders,91.0,1893.0,45.0,21.0
DA Miller,Kings XI Punjab,77.0,1875.0,0.0,0.0
RR Pant,Delhi Capitals,54.0,1792.0,0.0,0.0
MEK Hussey,Chennai Super Kings,49.0,1768.0,0.0,0.0
SS Iyer,Delhi Capitals,61.0,1714.0,0.0,0.0
M Vijay,Chennai Super Kings,66.0,1679.0,0.0,0.0
F du Plessis,Chennai Super Kings,57.0,1660.0,1.0,0.0
SV Samson,Rajasthan Royals,60.0,1558.0,0.0,0.0
S Badrinath,Chennai Super Kings,65.0,1441.0,0.0,0.0
DA Warner,Delhi Capitals,55.0,1435.0,0.0,0.0
AD Russell,Kolkata Knight Riders,48.0,1387.0,54.0,54.0
KS Williamson,Sunrisers Hyderabad,41.0,1319.0,1.0,0.0
CA Lynn,Kolkata Knight Riders,40.0,1302.0,0.0,0.0
JH Kallis,Kolkata Knight Riders,53.0,1295.0,48.0,42.0
KL Rahul,Kings XI Punjab,28.0,1288.0,0.0,0.0
R Dravid,Rajasthan Royals,45.0,1276.0,0.0,0.0
MK Pandey,Kolkata Knight Riders,51.0,1270.0,0.0,0.0
AC Gilchrist,Deccan Chargers,46.0,1220.0,0.0,0.0
G Gambhir,Delhi Capitals,44.0,1188.0,0.0,0.0
GJ Maxwell,Kings XI Punjab,50.0,1186.0,29.0,10.0
RG Sharma,Deccan Chargers,44.0,1170.0,22.0,14.0
JH Kallis,Royal Challengers Bangalore,42.0,1132.0,41.0,23.0
HH Pandya,Mumbai Indians,61.0,1118.0,60.0,42.0
WP Saha,Kings XI Punjab,49.0,1115.0,0.0,0.0
ML Hayden,Chennai Super Kings,32.0,1107.0,0.0,0.0
RV Uthappa,Pune Warriors,45.0,1103.0,0.0,0.0
LMP Simmons,Mumbai Indians,29.0,1079.0,1.0,1.0
KD Karthik,Delhi Capitals,49.0,1036.0,0.0,0.0
SC Ganguly,Kolkata Knight Riders,38.0,1031.0,16.0,8.0
JP Duminy,Delhi Capitals,35.0,1015.0,25.0,13.0
YK Pathan,Rajasthan Royals,42.0,1011.0,35.0,20.0
KC Sangakkara,Kings XI Punjab,34.0,1009.0,0.0,0.0
MK Tiwary,Kolkata Knight Riders,48.0,1002.0,3.0,1.0
SR Watson,Chennai Super Kings,32.0,986.0,11.0,6.0
S Dhawan,Deccan Chargers,29.0,969.0,6.0,4.0
DR Smith,Chennai Super Kings,32.0,965.0,6.0,5.0
AS Yadav,Mumbai Indians,29.0,962.0,0.0,0.0
Yuvraj Singh,Kings XI Punjab,48.0,960.0,27.0,14.0
M Vohra,Kings XI Punjab,41.0,957.0,0.0,0.0
DJ Bravo,Chennai Super Kings,62.0,942.0,86.0,104.0
Mandeep Singh,Kings XI Punjab,50.0,931.0,2.0,0.0
KH Pandya,Mumbai Indians,46.0,915.0,53.0,39.0
PA Patel,Mumbai Indians,40.0,911.0,0.0,0.0
AT Rayudu,Chennai Super Kings,33.0,910.0,0.0,0.0
CH Gayle,Kings XI Punjab,24.0,909.0,0.0,0.0
JC Buttler,Rajasthan Royals,21.0,903.0,0.0,0.0
R Dravid,Royal Challengers Bangalore,37.0,898.0,0.0,0.0
RA Jadeja,Chennai Super Kings,66.0,889.0,90.0,81.0
BB McCullum,Kolkata Knight Riders,35.0,882.0,0.0,0.0
S Dhawan,Delhi Capitals,30.0,882.0,0.0,0.0
AM Rahane,Rising Pune Supergiant,30.0,862.0,0.0,0.0
AC Gilchrist,Kings XI Punjab,34.0,849.0,1.0,1.0
SK Raina,Gujarat Lions,29.0,841.0,10.0,1.0
BB McCullum,Chennai Super Kings,28.0,841.0,0.0,0.0
A Symonds,Deccan Chargers,27.0,839.0,27.0,19.0
DPMD Jayawardene,Kings XI Punjab,35.0,837.0,0.0,0.0
JA Morkel,Chennai Super Kings,58.0,827.0,75.0,76.0
HH Gibbs,Deccan Chargers,33.0,805.0,0.0,0.0
SP Narine,Kolkata Knight Riders,54.0,803.0,109.0,122.0
Harbhajan Singh,Mumbai Indians,82.0,799.0,134.0,127.0
KD Karthik,Kolkata Knight Riders,28.0,785.0,0.0,0.0
SPD Smith,Rajasthan Royals,29.0,774.0,0.0,0.0
ST Jayasuriya,Mumbai Indians,30.0,768.0,21.0,13.0
PA Patel,Royal Challengers Bangalore,32.0,757.0,0.0,0.0
MC Henriques,Sunrisers Hyderabad,37.0,755.0,42.0,28.0
KD Karthik,Mumbai Indians,33.0,748.0,0.0,0.0
SPD Smith,Rising Pune Supergiant,22.0,742.0,0.0,0.0
STR Binny,Rajasthan Royals,53.0,733.0,47.0,17.0
Q de Kock,Delhi Capitals,23.0,720.0,0.0,0.0
M Vijay,Kings XI Punjab,25.0,704.0,3.0,0.0
GC Smith,Rajasthan Royals,25.0,697.0,0.0,0.0
KD Karthik,Gujarat Lions,28.0,696.0,0.0,0.0
DJ Hussey,Kings XI Punjab,34.0,695.0,12.0,4.0
AJ Finch,Gujarat Lions,25.0,692.0,0.0,0.0
AR Patel,Kings XI Punjab,50.0,692.0,67.0,61.0
SV Samson,Delhi Capitals,28.0,677.0,0.0,0.0
BB McCullum,Gujarat Lions,27.0,673.0,0.0,0.0
AB de Villiers,Delhi Capitals,26.0,671.0,0.0,0.0
N Rana,Kolkata Knight Riders,26.0,667.0,11.0,7.0
DPMD Jayawardene,Delhi Capitals,30.0,666.0,0.0,0.0
MK Pandey,Sunrisers Hyderabad,24.0,649.0,0.0,0.0
BJ Hodge,Rajasthan Royals,30.0,639.0,3.0,1.0
KK Nair,Delhi Capitals,25.0,638.0,0.0,0.0
DR Smith,Mumbai Indians,22.0,620.0,13.0,9.0
P Shaw,Delhi Capitals,25.0,616.0,0.0,0.0
Mandeep Singh,Royal Challengers Bangalore,31.0,612.0,0.0,0.0
SA Yadav,Kolkata Knight Riders,41.0,608.0,1.0,0.0
IK Pathan,Kings XI Punjab,35.0,603.0,42.0,47.0
KP Pietersen,Delhi Capitals,19.0,599.0,3.0,0.0
TM Dilshan,Royal Challengers Bangalore,24.0,587.0,12.0,1.0
NV Ojha,Sunrisers Hyderabad,39.0,584.0,0.0,0.0
CL White,Deccan Chargers,19.0,583.0,2.0,0.0
Yuvraj Singh,Pune Warriors,26.0,581.0,23.0,15.0
HM Amla,Kings XI Punjab,16.0,577.0,0.0,0.0
JP Duminy,Mumbai Indians,21.0,577.0,10.0,5.0
MS Dhoni,Rising Pune Supergiant,27.0,574.0,0.0,0.0
KM Jadhav,Delhi Capitals,37.0,566.0,0.0,0.0
TM Dilshan,Delhi Capitals,26.0,566.0,13.0,4.0
DR Smith,Gujarat Lions,23.0,563.0,17.0,10.0
KC Sangakkara,Deccan Chargers,25.0,558.0,0.0,0.0
Q de Kock,Mumbai Indians,16.0,555.0,0.0,0.0
V Sehwag,Kings XI Punjab,25.0,554.0,0.0,0.0
RV Uthappa,Royal Challengers Bangalore,27.0,549.0,0.0,0.0
JD Ryder,Pune Warriors,24.0,548.0,11.0,5.0
NV Ojha,Rajasthan Royals,22.0,545.0,0.0,0.0
TL Suman,Deccan Chargers,26.0,544.0,7.0,5.0
MS Bisla,Kolkata Knight Riders,27.0,543.0,0.0,0.0
JC Buttler,Mumbai Indians,24.0,527.0,0.0,0.0
MK Pandey,Pune Warriors,25.0,525.0,0.0,0.0
SPD Smith,Pune Warriors,21.0,521.0,1.0,0.0
LRPL Taylor,Royal Challengers Bangalore,22.0,517.0,1.0,0.0
S Gill,Kolkata Knight Riders,23.0,517.0,0.0,0.0
PA Patel,Chennai Super Kings,26.0,516.0,0.0,0.0
GJ Bailey,Kings XI Punjab,28.0,516.0,0.0,0.0
DJ Hussey,Kolkata Knight Riders,23.0,511.0,13.0,2.0
KK Nair,Rajasthan Royals,23.0,511.0,0.0,0.0
SS Tiwary,Mumbai Indians,21.0,510.0,0.0,0.0
PC Valthaty,Kings XI Punjab,21.0,499.0,10.0,7.0
Shakib Al Hasan,Kolkata Knight Riders,32.0,498.0,42.0,43.0
Yuvraj Singh,Sunrisers Hyderabad,21.0,488.0,7.0,1.0
SS Tiwary,Royal Challengers Bangalore,30.0,487.0,0.0,0.0
BJ Hodge,Kolkata Knight Riders,19.0,476.0,13.0,9.0
J Bairstow,Sunrisers Hyderabad,10.0,468.0,0.0,0.0
Y Venugopal Rao,Delhi Capitals,21.0,468.0,4.0,0.0
IK Pathan,Delhi Capitals,37.0,468.0,45.0,29.0
E Lewis,Mumbai Indians,16.0,464.0,0.0,0.0
CH Gayle,Kolkata Knight Riders,16.0,463.0,13.0,5.0
MA Agarwal,Kings XI Punjab,24.0,462.0,0.0,0.0
DJ Bravo,Mumbai Indians,25.0,457.0,30.0,26.0
AM Nayar,Mumbai Indians,24.0,457.0,9.0,5.0
AJ Finch,Pune Warriors,14.0,456.0,3.0,1.0
JP Duminy,Deccan Chargers,19.0,449.0,14.0,5.0
Y Venugopal Rao,Deccan Chargers,26.0,446.0,14.0,6.0
EJG Morgan,Kolkata Knight Riders,22.0,444.0,0.0,0.0
N Rana,Mumbai Indians,15.0,437.0,1.0,0.0
MA Agarwal,Royal Challengers Bangalore,24.0,433.0,0.0,0.0
CH Morris,Delhi Capitals,24.0,430.0,34.0,41.0
RA Jadeja,Rajasthan Royals,22.0,430.0,11.0,6.0
NV Ojha,Delhi Capitals,33.0,426.0,0.0,0.0
SA Asnodkar,Rajasthan Royals,19.0,423.0,0.0,0.0
KL Rahul,Royal Challengers Bangalore,14.0,417.0,0.0,0.0
MK Pandey,Royal Challengers Bangalore,17.0,417.0,0.0,0.0
PP Chawla,Kings XI Punjab,49.0,401.0,87.0,84.0
AL Menaria,Rajasthan Royals,23.0,401.0,12.0,3.0
Ishan Kishan,Mumbai Indians,18.0,392.0,0.0,0.0
RA Tripathi,Rising Pune Supergiant,14.0,391.0,1.0,0.0
MV Boucher,Royal Challengers Bangalore,21.0,388.0,0.0,0.0
RS Bopara,Kings XI Punjab,14.0,386.0,7.0,5.0
DJ Hooda,Sunrisers Hyderabad,36.0,384.0,13.0,5.0
Azhar Mahmood,Kings XI Punjab,20.0,382.0,22.0,29.0
JP Faulkner,Rajasthan Royals,32.0,382.0,42.0,47.0
RA Tripathi,Rajasthan Royals,19.0,380.0,0.0,0.0
CJ Anderson,Mumbai Indians,15.0,379.0,11.0,5.0
Yuvraj Singh,Royal Challengers Bangalore,14.0,376.0,10.0,5.0
LR Shukla,Kolkata Knight Riders,30.0,374.0,22.0,14.0
OA Shah,Rajasthan Royals,15.0,365.0,0.0,0.0
DB Ravi Teja,Deccan Chargers,23.0,361.0,2.0,1.0
BB McCullum,Kochi Tuskers Kerala,13.0,357.0,0.0,0.0
MA Agarwal,Delhi Capitals,21.0,355.0,0.0,0.0
V Shankar,Sunrisers Hyderabad,18.0,351.0,5.0,1.0
RA Jadeja,Gujarat Lions,25.0,349.0,26.0,13.0
Gurkeerat Singh,Kings XI Punjab,24.0,342.0,6.0,5.0
DT Christian,Deccan Chargers,20.0,335.0,21.0,19.0
J Botha,Rajasthan Royals,19.0,335.0,24.0,19.0
BA Stokes,Rajasthan Royals,21.0,331.0,18.0,14.0
KP Pietersen,Royal Challengers Bangalore,13.0,329.0,10.0,7.0
JEC Franklin,Mumbai Indians,16.0,327.0,15.0,9.0
RN ten Doeschate,Kolkata Knight Riders,21.0,326.0,10.0,2.0
MK Tiwary,Rising Pune Supergiant,13.0,324.0,0.0,0.0
MK Tiwary,Delhi Capitals,18.0,322.0,2.0,0.0
RV Uthappa,Mumbai Indians,14.0,320.0,0.0,0.0
YK Pathan,Sunrisers Hyderabad,20.0,319.0,2.0,1.0
Ishan Kishan,Gujarat Lions,15.0,319.0,0.0,0.0
SC Ganguly,Pune Warriors,18.0,318.0,4.0,2.0
BA Stokes,Rising Pune Supergiant,11.0,316.0,12.0,12.0
AP Tare,Mumbai Indians,22.0,313.0,0.0,0.0
KK Nair,Kings XI Punjab,13.0,312.0,0.0,0.0
M Ali,Royal Challengers Bangalore,14.0,311.0,14.0,9.0
EJG Morgan,Sunrisers Hyderabad,15.0,310.0,0.0,0.0
AJ Finch,Sunrisers Hyderabad,13.0,309.0,0.0,0.0
KM Jadhav,Royal Challengers Bangalore,16.0,309.0,0.0,0.0
KL Rahul,Sunrisers Hyderabad,16.0,308.0,0.0,0.0
DB Das,Kolkata Knight Riders,22.0,304.0,0.0,0.0
DPMD Jayawardene,Kochi Tuskers Kerala,13.0,299.0,0.0,0.0
AD Mathews,Pune Warriors,18.0,299.0,19.0,12.0
WP Saha,Kolkata Knight Riders,23.0,298.0,0.0,0.0
PA Patel,Sunrisers Hyderabad,13.0,294.0,0.0,0.0
Y Nagar,Delhi Capitals,20.0,285.0,8.0,4.0
BJ Hodge,Kochi Tuskers Kerala,14.0,285.0,4.0,7.0
RA Jadeja,Kochi Tuskers Kerala,12.0,283.0,14.0,8.0
DJG Sammy,Sunrisers Hyderabad,18.0,282.0,17.0,11.0
KD Karthik,Kings XI Punjab,13.0,282.0,0.0,0.0
GH Vihari,Sunrisers Hyderabad,21.0,280.0,5.0,1.0
MJ Lumb,Rajasthan Royals,11.0,278.0,0.0,0.0
KV Sharma,Sunrisers Hyderabad,27.0,267.0,46.0,36.0
MP Stoinis,Kings XI Punjab,15.0,266.0,18.0,13.0
Shakib Al Hasan,Sunrisers Hyderabad,14.0,259.0,20.0,16.0
LRPL Taylor,Delhi Capitals,16.0,256.0,0.0,0.0
LA Pomersbach,Kings XI Punjab,12.0,251.0,0.0,0.0
SR Watson,Royal Challengers Bangalore,22.0,250.0,24.0,25.0
AD Mathews,Kolkata Knight Riders,11.0,249.0,13.0,8.0
S Sohal,Deccan Chargers,10.0,249.0,0.0,0.0
Yuvraj Singh,Delhi Capitals,13.0,248.0,6.0,1.0
M Manhas,Pune Warriors,19.0,247.0,3.0,0.0
A Ashish Reddy,Sunrisers Hyderabad,18.0,245.0,11.0,7.0
B Chipli,Deccan Chargers,17.0,244.0,1.0,0.0
SM Katich,Kings XI Punjab,11.0,241.0,0.0,0.0
VVS Laxman,Deccan Chargers,17.0,238.0,0.0,0.0
DR Smith,Deccan Chargers,11.0,237.0,10.0,2.0
R Vinay Kumar,Royal Challengers Bangalore,28.0,237.0,63.0,72.0
NLTC Perera,Sunrisers Hyderabad,14.0,233.0,16.0,19.0
M Manhas,Delhi Capitals,14.0,232.0,0.0,0.0
SN Khan,Royal Challengers Bangalore,17.0,232.0,0.0,0.0
S Dhawan,Mumbai Indians,14.0,231.0,0.0,0.0
SW Billings,Delhi Capitals,10.0,226.0,0.0,0.0
V Shankar,Delhi Capitals,9.0,223.0,4.0,1.0
WP Saha,Sunrisers Hyderabad,15.0,223.0,0.0,0.0
JR Hopes,Kings XI Punjab,11.0,221.0,11.0,7.0
K Goel,Kings XI Punjab,16.0,218.0,6.0,0.0
MS Bisla,Kings XI Punjab,10.0,218.0,0.0,0.0
MP Stoinis,Royal Challengers Bangalore,10.0,216.0,6.0,2.0
F du Plessis,Rising Pune Supergiant,7.0,214.0,0.0,0.0
MEK Hussey,Mumbai Indians,9.0,209.0,0.0,0.0
CL White,Sunrisers Hyderabad,13.0,209.0,2.0,1.0
Q de Kock,Royal Challengers Bangalore,8.0,208.0,0.0,0.0
M Vijay,Delhi Capitals,11.0,207.0,1.0,0.0
TM Head,Royal Challengers Bangalore,10.0,205.0,5.0,2.0
PD Collingwood,Delhi Capitals,7.0,203.0,6.0,5.0
PA Patel,Kochi Tuskers Kerala,13.0,202.0,0.0,0.0
KM Jadhav,Chennai Super Kings,13.0,198.0,0.0,0.0
SK Warne,Rajasthan Royals,27.0,198.0,54.0,57.0
SP Fleming,Chennai Super Kings,10.0,196.0,0.0,0.0
JR Hopes,Delhi Capitals,8.0,196.0,9.0,7.0
UBT Chand,Delhi Capitals,13.0,196.0,0.0,0.0
AS Raut,Rajasthan Royals,16.0,194.0,5.0,0.0
PA Patel,Deccan Chargers,12.0,194.0,0.0,0.0
BJ Rohrer,Delhi Capitals,8.0,193.0,1.0,0.0
Salman Butt,Kolkata Knight Riders,7.0,193.0,0.0,0.0
A Mishra,Delhi Capitals,32.0,191.0,92.0,96.0
MR Marsh,Pune Warriors,11.0,190.0,12.0,14.0
R Ashwin,Chennai Super Kings,30.0,190.0,94.0,90.0
C Ingram,Delhi Capitals,12.0,187.0,0.0,0.0
C de Grandhomme,Royal Challengers Bangalore,12.0,187.0,10.0,2.0
PP Chawla,Kolkata Knight Riders,26.0,186.0,69.0,65.0
SN Khan,Kings XI Punjab,5.0,184.0,1.0,0.0
FY Fazal,Rajasthan Royals,11.0,183.0,2.0,0.0
AA Jhunjhunwala,Rajasthan Royals,10.0,183.0,5.0,0.0
P Kumar,Royal Challengers Bangalore,23.0,181.0,38.0,34.0
AC Voges,Rajasthan Royals,7.0,181.0,7.0,0.0
LRPL Taylor,Rajasthan Royals,11.0,181.0,1.0,0.0
GJ Maxwell,Delhi Capitals,14.0,180.0,12.0,6.0
MF Maharoof,Delhi Capitals,14.0,177.0,20.0,27.0
N Pooran,Kings XI Punjab,6.0,177.0,0.0,0.0
M Kaif,Rajasthan Royals,14.0,176.0,0.0,0.0
AD Mathews,Delhi Capitals,12.0,176.0,12.0,7.0
SS Tiwary,Rising Pune Supergiant,7.0,170.0,0.0,0.0
DH Yagnik,Rajasthan Royals,17.0,170.0,0.0,0.0
R Parag,Rajasthan Royals,5.0,169.0,7.0,2.0
MN van Wyk,Kolkata Knight Riders,5.0,167.0,0.0,0.0
MD Mishra,Deccan Chargers,11.0,166.0,0.0,0.0
MC Henriques,Royal Challengers Bangalore,9.0,165.0,8.0,7.0
CL White,Royal Challengers Bangalore,13.0,162.0,2.0,0.0
AB Agarkar,Kolkata Knight Riders,15.0,160.0,27.0,18.0
R Bhatia,Kolkata Knight Riders,22.0,159.0,43.0,32.0
P Negi,Royal Challengers Bangalore,16.0,157.0,18.0,20.0
A Hales,Sunrisers Hyderabad,6.0,152.0,0.0,0.0
R Ashwin,Kings XI Punjab,14.0,151.0,28.0,25.0
DJ Hooda,Rajasthan Royals,9.0,151.0,7.0,1.0
C Munro,Delhi Capitals,8.0,150.0,0.0,0.0
NLTC Perera,Rising Pune Supergiant,10.0,150.0,11.0,9.0
AM Rahane,Mumbai Indians,9.0,148.0,1.0,1.0
K Gowtham,Rajasthan Royals,17.0,148.0,22.0,11.0
SM Pollock,Mumbai Indians,8.0,147.0,13.0,11.0
Mohammad Nabi,Sunrisers Hyderabad,10.0,146.0,13.0,11.0
S Vidyut,Chennai Super Kings,8.0,145.0,1.0,1.0
RS Bopara,Sunrisers Hyderabad,8.0,145.0,7.0,6.0
WP Saha,Chennai Super Kings,6.0,144.0,0.0,0.0
SP Goswami,Royal Challengers Bangalore,6.0,143.0,0.0,0.0
CA Pujara,Royal Challengers Bangalore,10.0,143.0,0.0,0.0
CJ Anderson,Delhi Capitals,11.0,142.0,8.0,3.0
KD Karthik,Royal Challengers Bangalore,11.0,141.0,0.0,0.0
STR Binny,Royal Challengers Bangalore,12.0,141.0,15.0,5.0
AJ Finch,Kings XI Punjab,9.0,140.0,0.0,0.0
N Saini,Kings XI Punjab,10.0,140.0,0.0,0.0
BB McCullum,Royal Challengers Bangalore,6.0,138.0,0.0,0.0
R Sathish,Mumbai Indians,13.0,137.0,8.0,2.0
A Symonds,Mumbai Indians,9.0,135.0,3.0,1.0
Sachin Baby,Royal Challengers Bangalore,9.0,134.0,2.0,2.0
S Anirudha,Chennai Super Kings,11.0,133.0,0.0,0.0
MJ Guptill,Kings XI Punjab,7.0,132.0,0.0,0.0
R Dhawan,Kings XI Punjab,12.0,132.0,20.0,16.0
MN Samuels,Pune Warriors,10.0,132.0,9.0,9.0
JP Faulkner,Gujarat Lions,11.0,131.0,15.0,8.0
W Jaffer,Royal Challengers Bangalore,8.0,130.0,0.0,0.0
Kamran Akmal,Rajasthan Royals,6.0,128.0,0.0,0.0
D Wiese,Royal Challengers Bangalore,8.0,127.0,14.0,16.0
UT Khawaja,Rising Pune Supergiant,6.0,127.0,0.0,0.0
JJ Roy,Delhi Capitals,5.0,127.0,0.0,0.0
SB Styris,Deccan Chargers,9.0,126.0,10.0,8.0
C de Grandhomme,Kolkata Knight Riders,9.0,126.0,9.0,4.0
MC Juneja,Delhi Capitals,7.0,125.0,0.0,0.0
CA Pujara,Kings XI Punjab,6.0,125.0,0.0,0.0
RE van der Merwe,Royal Challengers Bangalore,9.0,123.0,11.0,11.0
BB Samantray,Sunrisers Hyderabad,7.0,123.0,0.0,0.0
D Short,Rajasthan Royals,7.0,123.0,2.0,1.0
CA Pujara,Kolkata Knight Riders,6.0,122.0,0.0,0.0
CM Gautam,Mumbai Indians,9.0,121.0,0.0,0.0
Niraj Patel,Rajasthan Royals,6.0,121.0,0.0,0.0
AC Blizzard,Mumbai Indians,7.0,120.0,0.0,0.0
KC Sangakkara,Sunrisers Hyderabad,9.0,120.0,0.0,0.0
S Sohal,Kings XI Punjab,10.0,119.0,0.0,0.0
Misbah-ul-Haq,Royal Challengers Bangalore,8.0,117.0,0.0,0.0
S Gopal,Rajasthan Royals,11.0,117.0,24.0,31.0
KK Cooper,Rajasthan Royals,12.0,116.0,25.0,33.0
BCJ Cutting,Sunrisers Hyderabad,7.0,116.0,8.0,6.0
BCJ Cutting,Mumbai Indians,9.0,116.0,8.0,3.0
P Negi,Chennai Super Kings,9.0,116.0,12.0,6.0
DJ Hussey,Chennai Super Kings,4.0,116.0,1.0,2.0
OA Shah,Kolkata Knight Riders,5.0,115.0,0.0,0.0
AR Patel,Delhi Capitals,12.0,114.0,14.0,10.0
SW Billings,Chennai Super Kings,9.0,112.0,0.0,0.0
DJ Harris,Deccan Chargers,4.0,111.0,2.0,0.0
SS Tiwary,Delhi Capitals,6.0,109.0,0.0,0.0
P Kumar,Kings XI Punjab,21.0,109.0,44.0,31.0
R Sathish,Kings XI Punjab,8.0,109.0,3.0,0.0
Rashid Khan,Sunrisers Hyderabad,17.0,109.0,46.0,55.0
Yuvraj Singh,Mumbai Indians,4.0,108.0,0.0,0.0
P Dogra,Rajasthan Royals,8.0,107.0,0.0,0.0
JDP Oram,Chennai Super Kings,10.0,106.0,11.0,8.0
LJ Wright,Pune Warriors,5.0,106.0,6.0,2.0
AM Nayar,Kings XI Punjab,13.0,106.0,7.0,2.0
Gurkeerat Singh,Royal Challengers Bangalore,3.0,104.0,0.0,0.0
Bipul Sharma,Kings XI Punjab,9.0,104.0,12.0,8.0
YV Takawale,Royal Challengers Bangalore,5.0,104.0,0.0,0.0
RJ Quiney,Rajasthan Royals,7.0,103.0,0.0,0.0
UBT Chand,Mumbai Indians,6.0,102.0,0.0,0.0
AJ Finch,Delhi Capitals,8.0,102.0,1.0,0.0
M Morkel,Delhi Capitals,14.0,100.0,37.0,45.0
DJ Bravo,Gujarat Lions,12.0,99.0,15.0,17.0
CJ Ferguson,Pune Warriors,8.0,98.0,0.0,0.0
MJ Clarke,Pune Warriors,6.0,98.0,5.0,2.0
B Kumar,Sunrisers Hyderabad,23.0,97.0,86.0,109.0
MA Starc,Royal Challengers Bangalore,11.0,96.0,26.0,34.0
CR Brathwaite,Delhi Capitals,8.0,95.0,10.0,8.0
S Curran,Kings XI Punjab,8.0,95.0,9.0,10.0
MM Sharma,Kings XI Punjab,16.0,95.0,37.0,33.0
DW Steyn,Sunrisers Hyderabad,14.0,95.0,37.0,33.0
B Kumar,Pune Warriors,18.0,93.0,31.0,24.0
P Negi,Delhi Capitals,10.0,93.0,12.0,8.0
S Hetmyer,Royal Challengers Bangalore,5.0,93.0,0.0,0.0
A Mishra,Sunrisers Hyderabad,8.0,93.0,27.0,28.0
DJ Jacobs,Mumbai Indians,7.0,92.0,0.0,0.0
MG Johnson,Kings XI Punjab,18.0,92.0,26.0,28.0
PA Reddy,Sunrisers Hyderabad,7.0,91.0,0.0,0.0
MJ McClenaghan,Mumbai Indians,20.0,91.0,56.0,71.0
R McLaren,Kings XI Punjab,4.0,90.0,6.0,5.0
YV Takawale,Mumbai Indians,5.0,88.0,0.0,0.0
SL Malinga,Mumbai Indians,20.0,88.0,122.0,170.0
PR Shah,Mumbai Indians,8.0,87.0,0.0,0.0
AP Majumdar,Pune Warriors,4.0,87.0,0.0,0.0
JA Morkel,Delhi Capitals,3.0,86.0,4.0,3.0
J Archer,Rajasthan Royals,11.0,85.0,21.0,26.0
GJ Bailey,Rising Pune Supergiant,5.0,84.0,0.0,0.0
R Tewatia,Delhi Capitals,9.0,84.0,11.0,7.0
A Mishra,Deccan Chargers,14.0,84.0,28.0,32.0
RE Levi,Mumbai Indians,6.0,83.0,0.0,0.0
Bipul Sharma,Sunrisers Hyderabad,8.0,83.0,16.0,9.0
S Rutherford,Delhi Capitals,7.0,82.0,6.0,1.0
MJ Guptill,Sunrisers Hyderabad,3.0,82.0,0.0,0.0
LA Carseldine,Rajasthan Royals,5.0,81.0,1.0,1.0
CR Brathwaite,Sunrisers Hyderabad,4.0,81.0,4.0,5.0
HH Gibbs,Mumbai Indians,3.0,81.0,0.0,0.0
WPUJC Vaas,Deccan Chargers,11.0,81.0,13.0,18.0
Shahid Afridi,Deccan Chargers,9.0,81.0,10.0,9.0
TL Suman,Mumbai Indians,8.0,80.0,3.0,0.0
DT Christian,Rising Pune Supergiant,9.0,79.0,13.0,11.0
PJ Cummins,Delhi Capitals,8.0,77.0,12.0,15.0
CH Morris,Rajasthan Royals,7.0,76.0,11.0,13.0
AB McDonald,Delhi Capitals,5.0,76.0,6.0,5.0
TR Birt,Delhi Capitals,5.0,75.0,0.0,0.0
SD Chitnis,Kings XI Punjab,5.0,75.0,0.0,0.0
M Klinger,Kochi Tuskers Kerala,4.0,73.0,0.0,0.0
KP Pietersen,Rising Pune Supergiant,4.0,73.0,0.0,0.0
RR Sarwan,Kings XI Punjab,4.0,73.0,0.0,0.0
M Kartik,Kolkata Knight Riders,7.0,73.0,25.0,16.0
R Singh,Kolkata Knight Riders,7.0,73.0,0.0,0.0
PA Reddy,Deccan Chargers,3.0,73.0,0.0,0.0
S Rana,Royal Challengers Bangalore,7.0,73.0,2.0,0.0
L Livingstone,Rajasthan Royals,4.0,72.0,1.0,0.0
Y Venugopal Rao,Sunrisers Hyderabad,5.0,71.0,2.0,0.0
MD Mishra,Pune Warriors,6.0,71.0,0.0,0.0
Washington Sundar,Royal Challengers Bangalore,7.0,70.0,10.0,8.0
K Rabada,Delhi Capitals,7.0,70.0,18.0,31.0
AA Bilakhia,Deccan Chargers,7.0,69.0,0.0,0.0
SP Goswami,Rajasthan Royals,6.0,69.0,0.0,0.0
B Lee,Kolkata Knight Riders,9.0,68.0,25.0,16.0
R Bhatia,Rajasthan Royals,8.0,67.0,14.0,12.0
Z Khan,Royal Challengers Bangalore,13.0,67.0,43.0,49.0
DL Vettori,Delhi Capitals,6.0,67.0,12.0,11.0
Ankit Sharma,Delhi Capitals,3.0,66.0,0.0,0.0
R McLaren,Mumbai Indians,7.0,66.0,10.0,4.0
RJ Harris,Deccan Chargers,10.0,66.0,16.0,20.0
AM Nayar,Pune Warriors,9.0,66.0,3.0,2.0
R Bhatia,Delhi Capitals,11.0,66.0,21.0,19.0
EJG Morgan,Kings XI Punjab,4.0,65.0,0.0,0.0
Mohammad Hafeez,Kolkata Knight Riders,8.0,64.0,4.0,2.0
B Akhil,Royal Challengers Bangalore,10.0,63.0,12.0,6.0
GJ Bailey,Chennai Super Kings,3.0,63.0,0.0,0.0
LRPL Taylor,Pune Warriors,5.0,63.0,0.0,0.0
Anirudh Singh,Deccan Chargers,4.0,63.0,0.0,0.0
Iqbal Abdulla,Royal Challengers Bangalore,5.0,62.0,15.0,12.0
AD Nath,Royal Challengers Bangalore,5.0,62.0,0.0,0.0
A Flintoff,Chennai Super Kings,3.0,62.0,3.0,2.0
WD Parnell,Pune Warriors,11.0,61.0,18.0,20.0
TG Southee,Royal Challengers Bangalore,5.0,61.0,11.0,6.0
HV Patel,Delhi Capitals,3.0,61.0,7.0,9.0
SP Goswami,Sunrisers Hyderabad,3.0,60.0,0.0,0.0
AD Mascarenhas,Rajasthan Royals,7.0,60.0,8.0,12.0
S Aravind,Royal Challengers Bangalore,10.0,59.0,38.0,45.0
DL Chahar,Chennai Super Kings,6.0,59.0,29.0,32.0
M Vohra,Royal Challengers Bangalore,4.0,59.0,0.0,0.0
JJ Roy,Gujarat Lions,3.0,59.0,0.0,0.0
MG Johnson,Mumbai Indians,8.0,59.0,22.0,31.0
H Klaasen,Rajasthan Royals,4.0,58.0,0.0,0.0
AD Russell,Delhi Capitals,4.0,58.0,7.0,1.0
MJ Guptill,Mumbai Indians,3.0,57.0,0.0,0.0
RR Powar,Kings XI Punjab,6.0,56.0,21.0,11.0
WA Mota,Kings XI Punjab,8.0,56.0,7.0,4.0
B Lee,Kings XI Punjab,10.0,56.0,13.0,9.0
JD Ryder,Royal Challengers Bangalore,5.0,56.0,5.0,3.0
M Kaif,Royal Challengers Bangalore,5.0,55.0,0.0,0.0
IK Pathan,Sunrisers Hyderabad,6.0,55.0,10.0,4.0
DW Steyn,Deccan Chargers,10.0,55.0,24.0,32.0
DL Vettori,Royal Challengers Bangalore,10.0,54.0,22.0,17.0
AJ Tye,Gujarat Lions,3.0,53.0,6.0,12.0
RR Rossouw,Royal Challengers Bangalore,5.0,53.0,0.0,0.0
A Chopra,Kolkata Knight Riders,6.0,53.0,0.0,0.0
Shoaib Malik,Delhi Capitals,5.0,52.0,5.0,2.0
TL Suman,Pune Warriors,5.0,52.0,1.0,1.0
RT Ponting,Mumbai Indians,5.0,52.0,0.0,0.0
R Rampaul,Royal Challengers Bangalore,7.0,51.0,12.0,14.0
RJ Harris,Kings XI Punjab,11.0,51.0,21.0,25.0
LA Pomersbach,Royal Challengers Bangalore,4.0,51.0,0.0,0.0
JD Unadkat,Rajasthan Royals,7.0,50.0,26.0,21.0
R Bhatia,Rising Pune Supergiant,6.0,50.0,13.0,8.0
DS Kulkarni,Rajasthan Royals,7.0,50.0,37.0,29.0
MS Gony,Chennai Super Kings,8.0,50.0,26.0,23.0
M Rawat,Rajasthan Royals,10.0,50.0,0.0,0.0
R Vinay Kumar,Kochi Tuskers Kerala,7.0,50.0,13.0,12.0
UT Yadav,Kolkata Knight Riders,10.0,50.0,47.0,48.0
MK Tiwary,Kings XI Punjab,4.0,49.0,1.0,0.0
AG Paunikar,Rajasthan Royals,5.0,49.0,0.0,0.0
AS Yadav,Deccan Chargers,6.0,49.0,0.0,0.0
KV Sharma,Mumbai Indians,6.0,49.0,9.0,13.0
KB Arun Karthik,Royal Challengers Bangalore,7.0,48.0,0.0,0.0
Mohammed Shami,Delhi Capitals,13.0,48.0,32.0,20.0
J Suchith,Mumbai Indians,5.0,48.0,13.0,10.0
CM Gautam,Delhi Capitals,4.0,48.0,0.0,0.0
Yashpal Singh,Kolkata Knight Riders,4.0,47.0,0.0,0.0
SB Bangar,Deccan Chargers,6.0,47.0,9.0,4.0
HV Patel,Royal Challengers Bangalore,12.0,47.0,34.0,34.0
AB McDonald,Royal Challengers Bangalore,4.0,47.0,4.0,6.0
CR Woakes,Kolkata Knight Riders,7.0,46.0,13.0,17.0
Kuldeep Yadav,Kolkata Knight Riders,8.0,46.0,39.0,39.0
RV Gomez,Kochi Tuskers Kerala,8.0,46.0,8.0,5.0
MS Gony,Kings XI Punjab,4.0,45.0,8.0,7.0
JA Morkel,Royal Challengers Bangalore,5.0,45.0,6.0,4.0
VVS Laxman,Kochi Tuskers Kerala,3.0,44.0,0.0,0.0
UT Yadav,Delhi Capitals,13.0,44.0,46.0,43.0
RP Singh,Deccan Chargers,19.0,44.0,42.0,51.0
IR Jaggi,Deccan Chargers,5.0,43.0,0.0,0.0
AM Nayar,Rajasthan Royals,4.0,43.0,0.0,0.0
J Botha,Delhi Capitals,6.0,43.0,6.0,5.0
Sunny Singh,Kings XI Punjab,5.0,43.0,0.0,0.0
AB Barath,Kings XI Punjab,3.0,42.0,0.0,0.0
JDS Neesham,Delhi Capitals,3.0,42.0,4.0,1.0
GC Smith,Pune Warriors,4.0,42.0,0.0,0.0
SK Trivedi,Rajasthan Royals,14.0,42.0,75.0,65.0
Ankit Sharma,Rajasthan Royals,4.0,41.0,7.0,7.0
AJ Tye,Kings XI Punjab,9.0,41.0,20.0,27.0
R Ashwin,Rising Pune Supergiant,6.0,41.0,14.0,10.0
VR Aaron,Royal Challengers Bangalore,4.0,41.0,23.0,21.0
S Dube,Royal Challengers Bangalore,4.0,40.0,2.0,0.0
LPC Silva,Deccan Chargers,3.0,40.0,1.0,0.0
Z Khan,Mumbai Indians,9.0,40.0,26.0,26.0
BR Dunk,Mumbai Indians,3.0,40.0,0.0,0.0
RT Ponting,Kolkata Knight Riders,4.0,39.0,0.0,0.0
Umar Gul,Kolkata Knight Riders,4.0,39.0,6.0,12.0
AUK Pathan,Royal Challengers Bangalore,7.0,39.0,3.0,0.0
DJ Thornely,Mumbai Indians,4.0,39.0,4.0,3.0
M Kartik,Pune Warriors,5.0,38.0,17.0,5.0
MC Henriques,Kolkata Knight Riders,3.0,38.0,4.0,2.0
SP Jackson,Kolkata Knight Riders,3.0,38.0,0.0,0.0
JJ Bumrah,Mumbai Indians,10.0,37.0,77.0,82.0
R Sharma,Pune Warriors,15.0,37.0,36.0,34.0
MS Bisla,Royal Challengers Bangalore,2.0,37.0,0.0,0.0
TG Southee,Mumbai Indians,5.0,37.0,14.0,12.0
MM Patel,Rajasthan Royals,8.0,37.0,30.0,33.0
RE van der Merwe,Delhi Capitals,6.0,36.0,10.0,10.0
Sohail Tanvir,Rajasthan Royals,5.0,36.0,11.0,22.0
GJ Maxwell,Mumbai Indians,3.0,36.0,2.0,0.0
Joginder Sharma,Chennai Super Kings,5.0,36.0,15.0,12.0
Harbhajan Singh,Chennai Super Kings,4.0,35.0,23.0,23.0
A Kumble,Royal Challengers Bangalore,15.0,35.0,42.0,45.0
B Sumanth,Deccan Chargers,4.0,35.0,0.0,0.0
EJG Morgan,Royal Challengers Bangalore,4.0,35.0,0.0,0.0
A Ashish Reddy,Deccan Chargers,5.0,35.0,9.0,11.0
M Manhas,Chennai Super Kings,5.0,35.0,0.0,0.0
M Santner,Chennai Super Kings,2.0,35.0,4.0,4.0
Mohammed Siraj,Royal Challengers Bangalore,6.0,34.0,20.0,18.0
KW Richardson,Pune Warriors,2.0,34.0,3.0,2.0
A Mithun,Royal Challengers Bangalore,6.0,34.0,16.0,7.0
AP Dole,Rajasthan Royals,2.0,34.0,3.0,5.0
L Ronchi,Mumbai Indians,5.0,34.0,0.0,0.0
D Salunkhe,Rajasthan Royals,3.0,33.0,5.0,1.0
UT Yadav,Royal Challengers Bangalore,10.0,33.0,25.0,28.0
IR Jaggi,Kolkata Knight Riders,2.0,33.0,0.0,0.0
Anureet Singh,Kings XI Punjab,7.0,33.0,17.0,15.0
I Sharma,Kolkata Knight Riders,10.0,33.0,31.0,25.0
P Kumar,Gujarat Lions,8.0,32.0,22.0,15.0
S Sreesanth,Kings XI Punjab,7.0,32.0,28.0,28.0
RJ Peterson,Mumbai Indians,5.0,32.0,4.0,3.0
S Nadeem,Delhi Capitals,17.0,32.0,59.0,40.0
M Markande,Mumbai Indians,7.0,31.0,17.0,16.0
J Botha,Kolkata Knight Riders,3.0,31.0,4.0,1.0
T Taibu,Kolkata Knight Riders,3.0,31.0,0.0,0.0
LR Shukla,Delhi Capitals,3.0,31.0,5.0,1.0
C Munro,Kolkata Knight Riders,3.0,30.0,2.0,0.0
VH Zol,Royal Challengers Bangalore,2.0,29.0,0.0,0.0
R Sharma,Deccan Chargers,4.0,29.0,6.0,5.0
NM Coulter-Nile,Delhi Capitals,7.0,29.0,16.0,20.0
SN Thakur,Chennai Super Kings,3.0,29.0,22.0,24.0
MN Samuels,Delhi Capitals,4.0,29.0,2.0,0.0
MM Sharma,Chennai Super Kings,9.0,29.0,48.0,58.0
J Syed Mohammad,Royal Challengers Bangalore,5.0,29.0,11.0,8.0
SP Goswami,Kolkata Knight Riders,4.0,29.0,0.0,0.0
MR Marsh,Deccan Chargers,2.0,28.0,3.0,2.0
M Lomror,Rajasthan Royals,3.0,28.0,2.0,0.0
Ankit Sharma,Rising Pune Supergiant,2.0,28.0,4.0,1.0
DS Kulkarni,Gujarat Lions,6.0,28.0,20.0,21.0
DT Christian,Delhi Capitals,3.0,28.0,4.0,4.0
M Kaif,Kings XI Punjab,3.0,28.0,0.0,0.0
Basil Thampi,Gujarat Lions,5.0,28.0,12.0,11.0
S Sriram,Royal Challengers Bangalore,1.0,27.0,1.0,0.0
SB Jakati,Chennai Super Kings,4.0,27.0,48.0,45.0
NL McCullum,Pune Warriors,2.0,26.0,2.0,0.0
Sandeep Sharma,Kings XI Punjab,11.0,26.0,56.0,71.0
Iqbal Abdulla,Kolkata Knight Riders,8.0,26.0,32.0,28.0
JM Kemp,Chennai Super Kings,2.0,26.0,5.0,3.0
MA Agarwal,Rising Pune Supergiant,3.0,26.0,0.0,0.0
OA Shah,Kochi Tuskers Kerala,2.0,26.0,0.0,0.0
S Chanderpaul,Royal Challengers Bangalore,3.0,25.0,0.0,0.0
A Choudhary,Royal Challengers Bangalore,3.0,25.0,5.0,5.0
A Nehra,Delhi Capitals,7.0,25.0,27.0,36.0
T Curran,Kolkata Knight Riders,4.0,24.0,5.0,6.0
AA Jhunjhunwala,Deccan Chargers,3.0,24.0,3.0,1.0
R Sathish,Kolkata Knight Riders,3.0,24.0,3.0,1.0
ER Dwivedi,Gujarat Lions,2.0,24.0,0.0,0.0
MA Khote,Mumbai Indians,3.0,24.0,2.0,2.0
S Narwal,Kolkata Knight Riders,1.0,23.0,1.0,0.0
BMAJ Mendis,Delhi Capitals,3.0,23.0,2.0,1.0
NS Naik,Kings XI Punjab,2.0,23.0,0.0,0.0
DS Kulkarni,Mumbai Indians,6.0,23.0,33.0,36.0
J Arunkumar,Royal Challengers Bangalore,3.0,23.0,0.0,0.0
NLTC Perera,Kochi Tuskers Kerala,2.0,23.0,4.0,2.0
SW Tait,Rajasthan Royals,5.0,23.0,21.0,23.0
AJ Finch,Mumbai Indians,3.0,23.0,0.0,0.0
K Paul,Delhi Capitals,5.0,22.0,8.0,9.0
YS Chahal,Royal Challengers Bangalore,12.0,22.0,82.0,100.0
MS Wade,Delhi Capitals,3.0,22.0,0.0,0.0
L Balaji,Chennai Super Kings,7.0,22.0,29.0,31.0
JO Holder,Kolkata Knight Riders,4.0,22.0,4.0,2.0
AN Ahmed,Mumbai Indians,2.0,22.0,10.0,8.0
H Brar,Kings XI Punjab,1.0,22.0,2.0,0.0
R Dhawan,Mumbai Indians,4.0,21.0,5.0,2.0
AJ Finch,Rajasthan Royals,1.0,21.0,1.0,0.0
CA Ingram,Delhi Capitals,3.0,21.0,0.0,0.0
DE Bollinger,Chennai Super Kings,4.0,21.0,27.0,37.0
B Chipli,Royal Challengers Bangalore,3.0,20.0,0.0,0.0
AC Thomas,Pune Warriors,4.0,20.0,15.0,14.0
RR Raje,Mumbai Indians,5.0,20.0,10.0,6.0
Harpreet Singh,Pune Warriors,3.0,20.0,0.0,0.0
P R Barman,Royal Challengers Bangalore,1.0,20.0,1.0,0.0
AD Nath,Gujarat Lions,4.0,20.0,0.0,0.0
NJ Maddinson,Royal Challengers Bangalore,3.0,20.0,0.0,0.0
P Sahu,Kings XI Punjab,2.0,19.0,5.0,3.0
AD Mascarenhas,Kings XI Punjab,4.0,19.0,5.0,7.0
DR Martyn,Rajasthan Royals,1.0,19.0,0.0,0.0
AB Agarkar,Delhi Capitals,3.0,19.0,15.0,11.0
R Bishnoi,Royal Challengers Bangalore,3.0,19.0,0.0,0.0
Vishnu Vinod,Royal Challengers Bangalore,3.0,19.0,0.0,0.0
R Tewatia,Kings XI Punjab,2.0,19.0,3.0,3.0
A Mukund,Royal Challengers Bangalore,1.0,19.0,0.0,0.0
Y Gnaneswara Rao,Kochi Tuskers Kerala,1.0,19.0,1.0,0.0
KM Jadhav,Kochi Tuskers Kerala,4.0,18.0,0.0,0.0
Ankit Sharma,Deccan Chargers,4.0,18.0,9.0,4.0
R Shukla,Delhi Capitals,3.0,18.0,3.0,2.0
S Rana,Pune Warriors,1.0,18.0,1.0,0.0
JJ van der Wath,Royal Challengers Bangalore,3.0,18.0,3.0,3.0
AP Tare,Delhi Capitals,3.0,18.0,0.0,0.0
SD Chitnis,Mumbai Indians,2.0,18.0,2.0,2.0
BJ Haddin,Kolkata Knight Riders,1.0,18.0,0.0,0.0
PJ Sangwan,Delhi Capitals,8.0,18.0,28.0,29.0
DS Lehmann,Rajasthan Royals,2.0,18.0,0.0,0.0
Harmeet Singh,Kings XI Punjab,3.0,18.0,10.0,12.0
Imran Tahir,Delhi Capitals,5.0,18.0,20.0,29.0
TG Southee,Rajasthan Royals,3.0,17.0,10.0,6.0
S Singh,Kings XI Punjab,1.0,17.0,0.0,0.0
M Morkel,Rajasthan Royals,3.0,17.0,4.0,0.0
CR Woakes,Royal Challengers Bangalore,4.0,17.0,5.0,8.0
P Kumar,Sunrisers Hyderabad,4.0,17.0,12.0,7.0
CJ Anderson,Royal Challengers Bangalore,3.0,17.0,3.0,3.0
MG Johnson,Kolkata Knight Riders,2.0,17.0,6.0,2.0
JA Morkel,Rising Pune Supergiant,1.0,16.0,2.0,2.0
CK Kapugedera,Chennai Super Kings,3.0,16.0,3.0,0.0
JO Holder,Sunrisers Hyderabad,1.0,16.0,1.0,1.0
D Shorey,Chennai Super Kings,2.0,16.0,0.0,0.0
B Chipli,Delhi Capitals,1.0,16.0,0.0,0.0
R Tewatia,Rajasthan Royals,1.0,16.0,4.0,3.0
DW Steyn,Royal Challengers Bangalore,7.0,15.0,30.0,31.0
KC Cariappa,Kings XI Punjab,4.0,15.0,9.0,7.0
C Madan,Mumbai Indians,1.0,15.0,0.0,0.0
VY Mahesh,Delhi Capitals,5.0,15.0,13.0,18.0
SA Abbott,Royal Challengers Bangalore,2.0,15.0,2.0,0.0
GB Hogg,Rajasthan Royals,2.0,15.0,10.0,10.0
P Dogra,Kings XI Punjab,3.0,15.0,0.0,0.0
GR Napier,Mumbai Indians,1.0,15.0,1.0,1.0
A Joseph,Mumbai Indians,1.0,15.0,3.0,6.0
SD Lad,Mumbai Indians,1.0,15.0,0.0,0.0
S Gopal,Mumbai Indians,3.0,14.0,6.0,7.0
S Narwal,Rajasthan Royals,3.0,14.0,5.0,5.0
DB Ravi Teja,Sunrisers Hyderabad,2.0,14.0,0.0,0.0
F Behardien,Kings XI Punjab,3.0,14.0,0.0,0.0
AN Ahmed,Royal Challengers Bangalore,4.0,14.0,7.0,4.0
CH Morris,Chennai Super Kings,6.0,14.0,16.0,15.0
JP Faulkner,Kings XI Punjab,2.0,14.0,2.0,3.0
MDKJ Perera,Rajasthan Royals,2.0,14.0,0.0,0.0
DL Chahar,Rising Pune Supergiant,1.0,14.0,5.0,1.0
NM Coulter-Nile,Kolkata Knight Riders,3.0,14.0,8.0,15.0
S Badree,Royal Challengers Bangalore,5.0,13.0,7.0,9.0
L Balaji,Kolkata Knight Riders,4.0,13.0,35.0,33.0
S Mavi,Kolkata Knight Riders,3.0,13.0,9.0,5.0
DJG Sammy,Royal Challengers Bangalore,2.0,13.0,2.0,0.0
KJ Abbott,Kings XI Punjab,3.0,13.0,5.0,2.0
DT Patil,Royal Challengers Bangalore,2.0,13.0,0.0,0.0
R Vinay Kumar,Mumbai Indians,4.0,13.0,17.0,12.0
B Akhil,Kochi Tuskers Kerala,1.0,13.0,1.0,0.0
Swapnil Singh,Kings XI Punjab,3.0,12.0,5.0,1.0
T Thushara,Chennai Super Kings,4.0,12.0,6.0,8.0
RD Chahar,Mumbai Indians,4.0,12.0,13.0,13.0
K Upadhyay,Pune Warriors,2.0,12.0,3.0,0.0
AS Rajpoot,Kings XI Punjab,3.0,12.0,12.0,14.0
DAJ Bracewell,Delhi Capitals,1.0,12.0,1.0,3.0
NLTC Perera,Kings XI Punjab,2.0,12.0,2.0,1.0
M Ur Rahman,Kings XI Punjab,4.0,12.0,16.0,17.0
AR Bawne,Delhi Capitals,1.0,12.0,0.0,0.0
Karanveer Singh,Kings XI Punjab,4.0,12.0,9.0,12.0
AA Chavan,Rajasthan Royals,3.0,12.0,13.0,8.0
CR Brathwaite,Kolkata Knight Riders,2.0,12.0,2.0,0.0
RR Powar,Kochi Tuskers Kerala,3.0,11.0,5.0,2.0
M Ntini,Chennai Super Kings,2.0,11.0,9.0,7.0
Ankit Sharma,Sunrisers Hyderabad,3.0,11.0,3.0,1.0
T Henderson,Rajasthan Royals,2.0,11.0,2.0,1.0
IK Pathan,Rising Pune Supergiant,3.0,11.0,3.0,0.0
DNT Zoysa,Deccan Chargers,2.0,11.0,3.0,2.0
R Vinay Kumar,Kolkata Knight Riders,3.0,11.0,11.0,9.0
AB Dinda,Pune Warriors,6.0,11.0,20.0,25.0
PV Tambe,Rajasthan Royals,5.0,11.0,26.0,23.0
MC Henriques,Delhi Capitals,1.0,11.0,1.0,1.0
A Nehra,Pune Warriors,2.0,11.0,13.0,11.0
T Kohli,Rajasthan Royals,2.0,10.0,0.0,0.0
Parvez Rasool,Royal Challengers Bangalore,1.0,10.0,4.0,1.0
H Klaasen,Royal Challengers Bangalore,2.0,10.0,0.0,0.0
AA Jhunjhunwala,Pune Warriors,2.0,10.0,2.0,0.0
SMSM Senanayake,Kolkata Knight Riders,4.0,10.0,8.0,9.0
I Sharma,Delhi Capitals,1.0,10.0,13.0,13.0
X Thalaivan Sargunam,Sunrisers Hyderabad,1.0,10.0,0.0,0.0
PP Ojha,Mumbai Indians,9.0,10.0,37.0,29.0
TD Paine,Pune Warriors,2.0,10.0,0.0,0.0
I Sodhi,Rajasthan Royals,2.0,10.0,8.0,9.0
KAJ Roach,Deccan Chargers,1.0,10.0,2.0,0.0
Z Khan,Delhi Capitals,5.0,10.0,30.0,27.0
D du Preez,Royal Challengers Bangalore,1.0,10.0,2.0,4.0
AD Nath,Kings XI Punjab,1.0,9.0,0.0,0.0
M Muralitharan,Chennai Super Kings,6.0,9.0,40.0,40.0
AA Noffke,Royal Challengers Bangalore,1.0,9.0,1.0,1.0
KC Cariappa,Kolkata Knight Riders,1.0,9.0,2.0,1.0
SM Harwood,Rajasthan Royals,2.0,9.0,3.0,3.0
KK Nair,Royal Challengers Bangalore,2.0,9.0,0.0,0.0
Washington Sundar,Rising Pune Supergiant,5.0,9.0,10.0,8.0
S Kaul,Delhi Capitals,2.0,9.0,11.0,6.0
M Morkel,Kolkata Knight Riders,3.0,9.0,29.0,32.0
NM Coulter-Nile,Mumbai Indians,1.0,9.0,1.0,1.0
BCJ Cutting,Rajasthan Royals,1.0,8.0,1.0,1.0
S Sharma,Sunrisers Hyderabad,2.0,8.0,11.0,12.0
P Chopra,Rajasthan Royals,1.0,8.0,0.0,0.0
R Bhui,Sunrisers Hyderabad,2.0,8.0,0.0,0.0
I Sharma,Kings XI Punjab,3.0,8.0,6.0,0.0
TS Mills,Royal Challengers Bangalore,3.0,8.0,5.0,5.0
CK Langeveldt,Royal Challengers Bangalore,1.0,8.0,3.0,5.0
CJ McKay,Mumbai Indians,1.0,8.0,2.0,1.0
Jaskaran Singh,Deccan Chargers,4.0,8.0,7.0,6.0
N Naik,Kolkata Knight Riders,1.0,8.0,0.0,0.0
AP Tare,Sunrisers Hyderabad,2.0,8.0,0.0,0.0
AG Murtaza,Pune Warriors,2.0,8.0,4.0,3.0
STR Binny,Mumbai Indians,1.0,8.0,1.0,0.0
J Searles,Kolkata Knight Riders,2.0,8.0,3.0,2.0
TM Srivastava,Kings XI Punjab,3.0,8.0,0.0,0.0
SN Thakur,Kings XI Punjab,1.0,7.0,1.0,1.0
AF Milne,Royal Challengers Bangalore,3.0,7.0,5.0,4.0
PV Tambe,Gujarat Lions,1.0,7.0,7.0,5.0
MR Marsh,Rising Pune Supergiant,1.0,7.0,3.0,4.0
AN Ghosh,Kolkata Knight Riders,2.0,7.0,0.0,0.0
UA Birla,Pune Warriors,1.0,7.0,0.0,0.0
I Malhotra,Deccan Chargers,1.0,7.0,1.0,0.0
GB Hogg,Kolkata Knight Riders,2.0,7.0,11.0,13.0
AB Dinda,Rising Pune Supergiant,1.0,7.0,12.0,12.0
Ankit Soni,Gujarat Lions,3.0,7.0,6.0,2.0
J Theron,Deccan Chargers,1.0,7.0,2.0,2.0
TA Boult,Delhi Capitals,3.0,7.0,19.0,23.0
MV Boucher,Kolkata Knight Riders,2.0,6.0,0.0,0.0
Azhar Mahmood,Kolkata Knight Riders,1.0,6.0,1.0,0.0
SS Shaikh,Kolkata Knight Riders,1.0,6.0,0.0,0.0
SB Joshi,Royal Challengers Bangalore,2.0,6.0,4.0,1.0
H Viljoen,Kings XI Punjab,3.0,6.0,6.0,7.0
VS Malik,Kings XI Punjab,1.0,6.0,9.0,3.0
PP Ojha,Deccan Chargers,10.0,6.0,53.0,60.0
SD Chitnis,Rajasthan Royals,1.0,6.0,0.0,0.0
BA Bhatt,Kings XI Punjab,2.0,6.0,15.0,12.0
PSP Handscomb,Rising Pune Supergiant,1.0,6.0,0.0,0.0
J Suchith,Delhi Capitals,1.0,6.0,1.0,2.0
DM Bravo,Kolkata Knight Riders,1.0,6.0,0.0,0.0
RP Singh,Mumbai Indians,5.0,6.0,11.0,10.0
PC Valthaty,Rajasthan Royals,2.0,6.0,0.0,0.0
DT Christian,Royal Challengers Bangalore,2.0,6.0,2.0,0.0
Q de Kock,Sunrisers Hyderabad,3.0,6.0,0.0,0.0
M Muralitharan,Royal Challengers Bangalore,2.0,6.0,21.0,21.0
CA Lynn,Deccan Chargers,1.0,6.0,0.0,0.0
J Yadav,Delhi Capitals,2.0,6.0,10.0,4.0
A Zampa,Rising Pune Supergiant,2.0,5.0,11.0,19.0
Mohammed Shami,Kolkata Knight Riders,1.0,5.0,3.0,1.0
SJ Srivastava,Kings XI Punjab,4.0,5.0,14.0,14.0
KMDN Kulasekara,Chennai Super Kings,1.0,5.0,5.0,5.0
M Rawat,Pune Warriors,1.0,5.0,0.0,0.0
Parvez Rasool,Pune Warriors,2.0,5.0,2.0,1.0
Shivam Sharma,Kings XI Punjab,2.0,5.0,5.0,4.0
P Awana,Kings XI Punjab,5.0,5.0,33.0,39.0
M Muralitharan,Kochi Tuskers Kerala,1.0,5.0,5.0,2.0
PR Shah,Rajasthan Royals,1.0,5.0,0.0,0.0
SB Styris,Chennai Super Kings,1.0,5.0,1.0,0.0
Pankaj Singh,Rajasthan Royals,2.0,5.0,12.0,7.0
P Dogra,Kolkata Knight Riders,1.0,5.0,0.0,0.0
B Stanlake,Sunrisers Hyderabad,1.0,5.0,4.0,5.0
TA Boult,Kolkata Knight Riders,1.0,5.0,6.0,5.0
R Salam,Mumbai Indians,1.0,5.0,1.0,0.0
VRV Singh,Kings XI Punjab,2.0,4.0,18.0,12.0
MS Gony,Deccan Chargers,3.0,4.0,9.0,7.0
AB Dinda,Royal Challengers Bangalore,3.0,4.0,11.0,5.0
AS Rajpoot,Kolkata Knight Riders,1.0,4.0,9.0,7.0
RV Gomez,Pune Warriors,1.0,4.0,1.0,0.0
RS Sodhi,Kings XI Punjab,1.0,4.0,0.0,0.0
A Uniyal,Rajasthan Royals,2.0,4.0,2.0,2.0
FH Edwards,Deccan Chargers,2.0,4.0,6.0,5.0
A Turner,Rajasthan Royals,4.0,4.0,0.0,0.0
AB Dinda,Kolkata Knight Riders,5.0,4.0,27.0,22.0
DP Nannes,Delhi Capitals,2.0,4.0,22.0,22.0
Mandeep Singh,Kolkata Knight Riders,2.0,4.0,0.0,0.0
VR Aaron,Kings XI Punjab,2.0,4.0,6.0,7.0
CRD Fernando,Mumbai Indians,2.0,4.0,10.0,17.0
Basil Thampi,Sunrisers Hyderabad,2.0,4.0,7.0,5.0
PJ Sangwan,Kolkata Knight Riders,1.0,4.0,3.0,1.0
NLTC Perera,Mumbai Indians,2.0,4.0,2.0,0.0
I Sharma,Deccan Chargers,4.0,4.0,12.0,11.0
B Laughlin,Chennai Super Kings,2.0,4.0,2.0,1.0
S Sriram,Delhi Capitals,1.0,4.0,1.0,0.0
Avesh Khan,Delhi Capitals,1.0,4.0,7.0,4.0
Anureet Singh,Rajasthan Royals,1.0,4.0,3.0,1.0
BB Sran,Sunrisers Hyderabad,3.0,4.0,15.0,14.0
A Chandila,Rajasthan Royals,2.0,4.0,12.0,11.0
GD McGrath,Delhi Capitals,2.0,4.0,14.0,12.0
BB Sran,Kings XI Punjab,3.0,4.0,6.0,4.0
A Dananjaya,Mumbai Indians,1.0,4.0,1.0,0.0
H Vihari,Delhi Capitals,2.0,4.0,1.0,0.0
VR Aaron,Rajasthan Royals,1.0,3.0,5.0,4.0
D Kalyankrishna,Deccan Chargers,1.0,3.0,3.0,2.0
S Kaul,Sunrisers Hyderabad,5.0,3.0,34.0,43.0
M Wood,Chennai Super Kings,1.0,3.0,1.0,0.0
KB Arun Karthik,Chennai Super Kings,1.0,3.0,0.0,0.0
Kamran Khan,Rajasthan Royals,1.0,3.0,8.0,9.0
R McLaren,Kolkata Knight Riders,2.0,3.0,2.0,3.0
RD Chahar,Rising Pune Supergiant,1.0,3.0,2.0,2.0
JE Taylor,Pune Warriors,2.0,3.0,5.0,6.0
M Ashwin,Kings XI Punjab,3.0,3.0,10.0,5.0
Sachin Baby,Rajasthan Royals,1.0,3.0,0.0,0.0
Mohammad Asif,Delhi Capitals,2.0,3.0,8.0,8.0
Younis Khan,Rajasthan Royals,1.0,3.0,0.0,0.0
A Nehra,Mumbai Indians,3.0,3.0,14.0,12.0
MK Pandey,Mumbai Indians,2.0,3.0,0.0,0.0
BB Sran,Mumbai Indians,1.0,3.0,2.0,0.0
N Saini,Royal Challengers Bangalore,2.0,3.0,13.0,11.0
CJ Jordan,Royal Challengers Bangalore,1.0,3.0,9.0,11.0
S Anirudha,Sunrisers Hyderabad,1.0,3.0,0.0,0.0
R Ninan,Royal Challengers Bangalore,1.0,3.0,2.0,3.0
S Tyagi,Chennai Super Kings,1.0,3.0,14.0,6.0
PJ Sangwan,Gujarat Lions,3.0,2.0,7.0,5.0
SB Wagh,Pune Warriors,2.0,2.0,7.0,4.0
Mashrafe Mortaza,Kolkata Knight Riders,1.0,2.0,1.0,0.0
JD Unadkat,Rising Pune Supergiant,1.0,2.0,12.0,24.0
UBT Chand,Rajasthan Royals,1.0,2.0,0.0,0.0
BB Samantray,Deccan Chargers,1.0,2.0,0.0,0.0
BAW Mendis,Pune Warriors,1.0,2.0,3.0,2.0
JD Unadkat,Royal Challengers Bangalore,2.0,2.0,13.0,13.0
SB Bangar,Kolkata Knight Riders,1.0,2.0,0.0,0.0
Mohammad Ashraful,Mumbai Indians,1.0,2.0,0.0,0.0
MM Patel,Mumbai Indians,3.0,2.0,31.0,40.0
S Randiv,Chennai Super Kings,1.0,2.0,8.0,6.0
Shoaib Akhtar,Kolkata Knight Riders,1.0,2.0,3.0,5.0
RG More,Chennai Super Kings,1.0,2.0,2.0,1.0
AG Murtaza,Mumbai Indians,1.0,2.0,8.0,6.0
M Kartik,Royal Challengers Bangalore,2.0,2.0,11.0,9.0
AS Rajpoot,Chennai Super Kings,1.0,2.0,2.0,1.0
A Singh,Rajasthan Royals,5.0,2.0,23.0,28.0
Imran Tahir,Chennai Super Kings,1.0,2.0,23.0,32.0
H Das,Deccan Chargers,1.0,2.0,0.0,0.0
WD Parnell,Delhi Capitals,1.0,2.0,8.0,6.0
IK Pathan,Gujarat Lions,1.0,2.0,1.0,0.0
RP Singh,Kochi Tuskers Kerala,4.0,2.0,14.0,13.0
J Theron,Kings XI Punjab,2.0,2.0,7.0,6.0
Pankaj Singh,Royal Challengers Bangalore,3.0,2.0,5.0,4.0
Parvez Rasool,Sunrisers Hyderabad,1.0,2.0,5.0,2.0
VS Yeligati,Mumbai Indians,1.0,2.0,2.0,0.0
KP Appanna,Royal Challengers Bangalore,3.0,2.0,13.0,9.0
RS Gavaskar,Kolkata Knight Riders,1.0,2.0,1.0,0.0
DP Vijaykumar,Deccan Chargers,1.0,1.0,9.0,4.0
PJ Sangwan,Mumbai Indians,1.0,1.0,1.0,0.0
KW Richardson,Rajasthan Royals,1.0,1.0,7.0,9.0
VS Malik,Rajasthan Royals,1.0,1.0,4.0,3.0
L Balaji,Kings XI Punjab,2.0,1.0,9.0,12.0
KW Richardson,Royal Challengers Bangalore,1.0,1.0,4.0,7.0
A Nehra,Chennai Super Kings,4.0,1.0,20.0,30.0
PM Sarvesh Kumar,Deccan Chargers,1.0,1.0,2.0,1.0
J Theron,Rajasthan Royals,1.0,1.0,1.0,1.0
A Nehra,Sunrisers Hyderabad,1.0,1.0,14.0,17.0
JD Unadkat,Delhi Capitals,2.0,1.0,10.0,9.0
VR Aaron,Delhi Capitals,3.0,1.0,11.0,10.0
KV Sharma,Royal Challengers Bangalore,1.0,1.0,0.0,0.0
L Plunkett,Delhi Capitals,2.0,1.0,7.0,4.0
T Kohli,Kings XI Punjab,1.0,1.0,0.0,0.0
H Gurney,Kolkata Knight Riders,1.0,1.0,8.0,7.0
NJ Rimmington,Kings XI Punjab,1.0,1.0,1.0,0.0
BE Hendricks,Kings XI Punjab,2.0,1.0,7.0,9.0
M Ashwin,Royal Challengers Bangalore,1.0,1.0,2.0,3.0
SE Bond,Kolkata Knight Riders,1.0,1.0,8.0,9.0
P Kumar,Mumbai Indians,1.0,1.0,3.0,3.0
Shoaib Ahmed,Deccan Chargers,3.0,1.0,7.0,5.0
B Laughlin,Rajasthan Royals,2.0,1.0,7.0,9.0
S Sreesanth,Kochi Tuskers Kerala,3.0,1.0,9.0,7.0
Mustafizur Rahman,Mumbai Indians,1.0,1.0,7.0,7.0
M de Lange,Mumbai Indians,1.0,1.0,2.0,2.0
DW Steyn,Gujarat Lions,1.0,1.0,1.0,0.0
LH Ferguson,Rising Pune Supergiant,1.0,1.0,4.0,3.0
DJ Muthuswami,Delhi Capitals,1.0,1.0,6.0,4.0
S Sreesanth,Rajasthan Royals,2.0,1.0,7.0,5.0
BAW Mendis,Kolkata Knight Riders,2.0,1.0,7.0,6.0
P Krishna,Kolkata Knight Riders,2.0,1.0,18.0,14.0
P Parameswaran,Kochi Tuskers Kerala,1.0,1.0,5.0,4.0
R Shukla,Rajasthan Royals,1.0,1.0,3.0,3.0
SB Jakati,Gujarat Lions,1.0,1.0,8.0,2.0
Mohammed Shami,Kings XI Punjab,2.0,1.0,14.0,19.0
S Lamichhane,Delhi Capitals,1.0,0.0,9.0,13.0
S Ladda,Delhi Capitals,2.0,0.0,5.0,4.0
IC Pandey,Pune Warriors,1.0,0.0,2.0,1.0
C Nanda,Mumbai Indians,1.0,0.0,3.0,2.0
YA Abdulla,Kings XI Punjab,1.0,0.0,11.0,15.0
SN Thakur,Rising Pune Supergiant,3.0,0.0,12.0,11.0
S Kaushik,Gujarat Lions,1.0,0.0,10.0,6.0
ND Doshi,Rajasthan Royals,1.0,0.0,3.0,1.0
P Parameswaran,Royal Challengers Bangalore,1.0,0.0,3.0,5.0
AB Dinda,Delhi Capitals,1.0,0.0,5.0,5.0
PJ Cummins,Kolkata Knight Riders,1.0,0.0,4.0,2.0
JDP Oram,Rajasthan Royals,1.0,0.0,2.0,1.0
Sandeep Sharma,Sunrisers Hyderabad,3.0,0.0,12.0,12.0
L Ablish,Kings XI Punjab,1.0,0.0,3.0,3.0
Harmeet Singh,Deccan Chargers,1.0,0.0,17.0,14.0
MM Patel,Gujarat Lions,1.0,0.0,2.0,1.0
M Ashwin,Rising Pune Supergiant,1.0,0.0,10.0,7.0
Imran Tahir,Rising Pune Supergiant,1.0,0.0,12.0,18.0
CJ Jordan,Sunrisers Hyderabad,1.0,0.0,2.0,1.0
V Pratap Singh,Deccan Chargers,1.0,0.0,9.0,10.0
P Raj,Kolkata Knight Riders,1.0,0.0,2.0,1.0
K Ahmed,Sunrisers Hyderabad,1.0,0.0,10.0,19.0
CK Langeveldt,Kolkata Knight Riders,1.0,0.0,4.0,8.0
BW Hilfenhaus,Chennai Super Kings,0.0,0.0,17.0,22.0
I Sharma,Sunrisers Hyderabad,0.0,0.0,23.0,19.0
Mustafizur Rahman,Sunrisers Hyderabad,0.0,0.0,17.0,17.0
IC Pandey,Chennai Super Kings,0.0,0.0,22.0,17.0
RP Singh,Royal Challengers Bangalore,0.0,0.0,11.0,13.0
L Ngidi,Chennai Super Kings,0.0,0.0,7.0,11.0
TA Boult,Sunrisers Hyderabad,0.0,0.0,8.0,10.0
Mohammed Siraj,Sunrisers Hyderabad,0.0,0.0,6.0,10.0
JD Unadkat,Kolkata Knight Riders,0.0,0.0,11.0,10.0
AM Salvi,Delhi Capitals,0.0,0.0,7.0,7.0
P Amarnath,Chennai Super Kings,0.0,0.0,6.0,7.0
Anand Rajan,Deccan Chargers,0.0,0.0,6.0,6.0
O Thomas,Rajasthan Royals,0.0,0.0,4.0,5.0
J Behrendorff,Mumbai Indians,0.0,0.0,5.0,5.0
KV Sharma,Chennai Super Kings,0.0,0.0,6.0,5.0
TG Southee,Chennai Super Kings,0.0,0.0,5.0,4.0
DP Nannes,Chennai Super Kings,0.0,0.0,5.0,4.0
Gagandeep Singh,Kings XI Punjab,0.0,0.0,4.0,3.0
I Sharma,Rising Pune Supergiant,0.0,0.0,4.0,3.0
VY Mahesh,Chennai Super Kings,0.0,0.0,4.0,3.0
A Singh,Kings XI Punjab,0.0,0.0,3.0,3.0
KM Asif,Chennai Super Kings,0.0,0.0,2.0,3.0
M de Lange,Kolkata Knight Riders,0.0,0.0,3.0,3.0
K Santokie,Mumbai Indians,0.0,0.0,2.0,3.0
K Khejroliya,Royal Challengers Bangalore,0.0,0.0,5.0,3.0
RP Singh,Rising Pune Supergiant,0.0,0.0,4.0,3.0
T Shamsi,Royal Challengers Bangalore,0.0,0.0,4.0,3.0
S Kuggeleijn,Chennai Super Kings,0.0,0.0,2.0,2.0
S Nadeem,Sunrisers Hyderabad,0.0,0.0,3.0,2.0
Anand Rajan,Sunrisers Hyderabad,0.0,0.0,2.0,2.0
S Warrier,Kolkata Knight Riders,0.0,0.0,3.0,2.0
S Badree,Chennai Super Kings,0.0,0.0,4.0,2.0
T Natarajan,Kings XI Punjab,0.0,0.0,6.0,2.0
SM Boland,Rising Pune Supergiant,0.0,0.0,2.0,2.0
Anureet Singh,Kolkata Knight Riders,0.0,0.0,2.0,2.0
D Willey,Chennai Super Kings,0.0,0.0,3.0,2.0
JO Holder,Chennai Super Kings,0.0,0.0,6.0,2.0
L Ferguson,Kolkata Knight Riders,0.0,0.0,5.0,2.0
DP Nannes,Royal Challengers Bangalore,0.0,0.0,2.0,2.0
JW Hastings,Kolkata Knight Riders,0.0,0.0,2.0,2.0
B Stanlake,Royal Challengers Bangalore,0.0,0.0,2.0,2.0
P Suyal,Mumbai Indians,0.0,0.0,5.0,2.0
A Nel,Mumbai Indians,0.0,0.0,1.0,1.0
GS Sandhu,Delhi Capitals,0.0,0.0,2.0,1.0
Harmeet Singh (2),Rajasthan Royals,0.0,0.0,1.0,1.0
M Kartik,Kings XI Punjab,0.0,0.0,2.0,1.0
V Chakravarthy,Kings XI Punjab,0.0,0.0,1.0,1.0
SS Agarwal,Gujarat Lions,0.0,0.0,1.0,1.0
TP Sudhindra,Deccan Chargers,0.0,0.0,3.0,1.0
J Yadav,Mumbai Indians,0.0,0.0,2.0,1.0
JP Faulkner,Pune Warriors,0.0,0.0,1.0,1.0
JW Hastings,Chennai Super Kings,0.0,0.0,1.0,1.0
A Roy,Mumbai Indians,0.0,0.0,1.0,1.0
SS Sarkar,Kolkata Knight Riders,0.0,0.0,2.0,1.0
SS Mundhe,Pune Warriors,0.0,0.0,1.0,1.0
SB Wagh,Rajasthan Royals,0.0,0.0,1.0,1.0
Avesh Khan,Royal Challengers Bangalore,0.0,0.0,1.0,1.0
MJ Henry,Kings XI Punjab,0.0,0.0,2.0,1.0
R Sharma,Delhi Capitals,0.0,0.0,2.0,1.0
S Ladda,Kolkata Knight Riders,0.0,0.0,3.0,1.0
B Geeves,Delhi Capitals,0.0,0.0,2.0,1.0
ND Doshi,Royal Challengers Bangalore,0.0,0.0,1.0,1.0
NB Singh,Gujarat Lions,0.0,0.0,2.0,1.0
